{
  "files": {
    "Agora_floor1.png": {
      "building": "Agora",
      "floor": 1,
      "image_height": null,
      "image_width": null,
      "mtime": 1773400122.9371424,
      "seat_boxes": {},
      "seat_numbers": [
        367,
        368,
        369,
        370,
        371,
        372,
        373,
        374,
        375,
        376,
        377,
        378,
        379,
        380,
        381,
        382,
        383,
        384,
        385,
        386,
        387,
        388,
        389,
        390,
        391,
        392,
        393,
        394,
        395,
        396,
        397,
        398,
        399,
        400,
        401,
        402,
        403,
        404,
        405,
        406,
        407,
        408,
        409,
        410
      ]
    },
    "Agora_floor2.png": {
      "building": "Agora",
      "floor": 2,
      "image_height": null,
      "image_width": null,
      "mtime": 1773400122.9233692,
      "seat_boxes": {},
      "seat_numbers": [
        411,
        412,
        413,
        414,
        415,
        416,
        417,
        418,
        419,
        420,
        421,
        422,
        423,
        424,
        425,
        426,
        427,
        428,
        429,
        430,
        431,
        432,
        433,
        434,
        435,
        436,
        437,
        438,
        439,
        440,
        441,
        442,
        443,
        444,
        445,
        446,
        447,
        448,
        449,
        450,
        451,
        452,
        453,
        454,
        455,
        456,
        457,
        458,
        459,
        460
      ]
    },
    "Agora_floor3.png": {
      "building": "Agora",
      "floor": 3,
      "image_height": null,
      "image_width": null,
      "mtime": 1773400122.926405,
      "seat_boxes": {},
      "seat_numbers": [
        461,
        462,
        463,
        464,
        465,
        466,
        467,
        468,
        469,
        470,
        471,
        472,
        473,
        474,
        475,
        476,
        477,
        478,
        479,
        480,
        481,
        482,
        483,
        484,
        485,
        486,
        487,
        488,
        489,
        490,
        491,
        492,
        493,
        494,
        495,
        496,
        497,
        498,
        499,
        500,
        501,
        502,
        503,
        504
      ]
    },
    "Library_floor1.png": {
      "building": "Library",
      "floor": 1,
      "image_height": null,
      "image_width": null,
      "mtime": 1773400122.9284122,
      "seat_boxes": {},
      "seat_numbers": [
        101,
        102,
        103,
        104,
        105,
        106,
        107,
        108,
        109,
        110,
        111,
        112,
        113,
        114,
        115,
        116,
        117,
        118,
        119,
        120,
        121,
        122,
        123,
        124,
        125,
        126,
        127,
        128,
        129,
        130,
        131,
        132,
        133,
        134,
        135,
        136,
        137,
        138,
        139,
        140,
        141,
        142,
        143,
        144,
        145,
        146,
        147,
        148,
        149,
        150,
        151,
        152,
        153,
        154,
        155,
        156
      ]
    }
  },
  "generated_at": "2026-03-13T19:44:49.003763Z",
  "version": 1
}